{"cameraMode":{"drawMode":0,"name":"Shaded","section":"Shading Mode"},"sceneLighting":false,"audioPlay":false,"sceneViewState":{"showFog":true,"showMaterialUpdate":false,"showSkybox":true,"showFlares":true,"showImageEffects":true,"showParticleSystems":true},"in2DMode":false,"pivot":{"x":-0.0069158971309661869,"y":0.4028994143009186,"z":0.0},"rotation":{"x":0.13837096095085145,"y":-0.8610023260116577,"z":0.32792192697525027,"w":0.3633122742176056},"size":2.3014371395111086,"orthographic":false}