{"cameraMode":{"drawMode":0,"name":"Shaded","section":"Shading Mode"},"sceneLighting":false,"audioPlay":false,"sceneViewState":{"showFog":true,"showMaterialUpdate":false,"showSkybox":true,"showFlares":true,"showImageEffects":true,"showParticleSystems":true},"in2DMode":false,"pivot":{"x":-0.01036369800567627,"y":0.08669078350067139,"z":0.017695069313049318},"rotation":{"x":0.13837096095085145,"y":-0.8610023260116577,"z":0.32792192697525027,"w":0.3633122742176056},"size":4.041179180145264,"orthographic":false}