{"cameraMode":{"drawMode":0,"name":"Shaded","section":"Shading Mode"},"sceneLighting":false,"audioPlay":false,"sceneViewState":{"showFog":true,"showMaterialUpdate":false,"showSkybox":true,"showFlares":true,"showImageEffects":true,"showParticleSystems":true},"in2DMode":false,"pivot":{"x":-9.673662185668946,"y":10.440661430358887,"z":-8.431229591369629},"rotation":{"x":0.0030616107396781446,"y":0.8599979877471924,"z":-0.005160058382898569,"w":0.5102621912956238},"size":41.70936965942383,"orthographic":false}