{"cameraMode":{"drawMode":0,"name":"Shaded","section":"Shading Mode"},"sceneLighting":false,"audioPlay":false,"sceneViewState":{"showFog":true,"showMaterialUpdate":false,"showSkybox":true,"showFlares":true,"showImageEffects":true,"showParticleSystems":true},"in2DMode":false,"pivot":{"x":-0.009405016899108887,"y":0.274630606174469,"z":-0.00423121452331543},"rotation":{"x":-0.06700965762138367,"y":0.36281344294548037,"z":-0.02616780623793602,"w":-0.9290809631347656},"size":2.511500120162964,"orthographic":false}