{"cameraMode":{"drawMode":0,"name":"Shaded","section":"Shading Mode"},"sceneLighting":false,"audioPlay":false,"sceneViewState":{"showFog":true,"showMaterialUpdate":false,"showSkybox":true,"showFlares":true,"showImageEffects":true,"showParticleSystems":true},"in2DMode":false,"pivot":{"x":0.0,"y":3.556999921798706,"z":0.8684999942779541},"rotation":{"x":-0.06495735794305802,"y":-0.268722265958786,"z":0.018167436122894288,"w":-0.9608532190322876},"size":2.8090312480926515,"orthographic":false}