{"cameraMode":{"drawMode":0,"name":"Shaded","section":"Shading Mode"},"sceneLighting":false,"audioPlay":false,"sceneViewState":{"showFog":true,"showMaterialUpdate":false,"showSkybox":true,"showFlares":true,"showImageEffects":true,"showParticleSystems":true},"in2DMode":false,"pivot":{"x":26.020523071289064,"y":0.023948192596435548,"z":22.635927200317384},"rotation":{"x":0.0030616107396781446,"y":0.8599979877471924,"z":-0.005160058382898569,"w":0.5102621912956238},"size":9.648056030273438,"orthographic":false}