{"cameraMode":{"drawMode":0,"name":"Shaded","section":"Shading Mode"},"sceneLighting":false,"audioPlay":false,"sceneViewState":{"showFog":true,"showMaterialUpdate":false,"showSkybox":true,"showFlares":true,"showImageEffects":true,"showParticleSystems":true},"in2DMode":false,"pivot":{"x":-18.220130920410158,"y":3.7113804817199709,"z":-8.912049293518067},"rotation":{"x":0.04918910190463066,"y":-0.8671732544898987,"z":0.08744556456804276,"w":0.48779526352882388},"size":31.52539825439453,"orthographic":false}