{"cameraMode":{"drawMode":0,"name":"Shaded","section":"Shading Mode"},"sceneLighting":false,"audioPlay":false,"sceneViewState":{"showFog":true,"showMaterialUpdate":false,"showSkybox":true,"showFlares":true,"showImageEffects":true,"showParticleSystems":true},"in2DMode":false,"pivot":{"x":-3.2470381259918215,"y":7.898326873779297,"z":-3.022878408432007},"rotation":{"x":-0.024700457230210305,"y":-0.6626219749450684,"z":-0.02187446877360344,"w":0.7482269406318665},"size":25.146352767944337,"orthographic":true}