{"cameraMode":{"drawMode":0,"name":"Shaded","section":"Shading Mode"},"sceneLighting":false,"audioPlay":false,"sceneViewState":{"showFog":true,"showMaterialUpdate":false,"showSkybox":true,"showFlares":true,"showImageEffects":true,"showParticleSystems":true},"in2DMode":false,"pivot":{"x":366.4088134765625,"y":6.822849750518799,"z":172.99420166015626},"rotation":{"x":-0.0000024395906166319038,"y":0.9981089234352112,"z":2.704911423734302e-7,"w":-0.06147044897079468},"size":17.410110473632814,"orthographic":true}